,Unnamed: 0,Unnamed: 0.1,Unnamed: 0.1.1,B1,B10,B11,B12,B2,B3,B4,B5,B6,B7,B8,B8A,B9,QA10,QA20,QA60,doa,label,id,t
0,0,0,20180102T102421_20180102T102420_T32UPA,0.6514942558139539,0.0031134651162790703,0.4061823953488373,0.3032256511627908,0.6213402790697675,0.5462037674418606,0.6218303720930236,0.6459286511627906,0.6705095348837212,0.6957249069767444,0.6433838604651164,0.7100120697674418,0.2605684651162791,0.0,0.0,1024.0,2018-01-02,451,74526670,0.005479452054794521
1,1,1,20180104T101409_20180104T101403_T32UPA,0.5305916279069767,0.13709148837209303,0.24149651162790697,0.22840241860465121,0.49924060465116277,0.43535711627906987,0.47388358139534886,0.5006566511627908,0.5181939069767444,0.5301840465116282,0.5206471162790698,0.5411682325581396,0.37740567441860484,0.0,0.0,1024.0,2018-01-04,451,74526670,0.010958904109589041
2,2,2,20180107T102359_20180107T102401_T32UPA,0.523561604651163,0.02872793023255815,0.4063593953488373,0.3290643488372093,0.48393890697674435,0.4257434186046512,0.4741607441860466,0.4754581395348838,0.49397597674418614,0.5176276976744187,0.4770759767441862,0.532682023255814,0.16829758139534887,0.0,0.0,1024.0,2018-01-07,451,74526670,0.019178082191780823
3,3,3,20180109T101401_20180109T101536_T32UPA,0.32259765116279077,0.13459239534883727,0.19163651162790704,0.17500555813953492,0.27073444186046514,0.23376660465116283,0.24392162790697686,0.26504981395348853,0.2877344883720931,0.30218527906976755,0.28790809302325593,0.31397925581395364,0.2518934651162791,0.0,0.0,1024.0,2018-01-09,451,74526670,0.024657534246575342
4,4,4,20180112T102401_20180112T102630_T32UPA,0.6014144418604654,0.010246139534883725,0.3508948372093025,0.28380651162790704,0.5114189069767444,0.4385744651162792,0.4874818139534886,0.5143755813953489,0.535610604651163,0.5632495813953488,0.4851171395348839,0.5830379302325585,0.33470648837209316,0.0,0.0,1024.0,2018-01-12,451,74526670,0.03287671232876712
5,5,5,20180114T101349_20180114T101347_T32UPA,0.5226889767441862,0.017330418604651163,0.33967706976744194,0.27492893023255827,0.46855313953488376,0.3884507906976745,0.4120080000000001,0.4314966046511628,0.43922406976744205,0.4477097209302326,0.43424860465116294,0.45257809302325597,0.28396913953488384,0.0,0.0,1024.0,2018-01-14,451,74526670,0.038356164383561646
6,6,6,20180117T102339_20180117T102341_T32UPA,0.8295240697674421,0.46091034883720944,0.3451623953488373,0.3648983023255815,0.8120062790697677,0.7128054186046513,0.8012336744186048,0.8397988139534888,0.8541144651162793,0.8612263720930236,0.8651136744186047,0.8658539302325584,0.7473597674418607,0.0,0.0,1024.0,2018-01-17,451,74526670,0.04657534246575343
7,7,7,20180119T101331_20180119T101331_T32UPA,0.8405611860465116,0.08373113953488373,0.6000250232558142,0.5582609302325584,0.7582830000000002,0.6990176744186049,0.8133745581395351,0.8643522093023258,0.899734093023256,0.9317142325581398,0.8419402790697674,0.9508593953488377,0.5784590465116279,0.0,0.0,1024.0,2018-01-19,451,74526670,0.052054794520547946
8,8,8,20180122T102321_20180122T102323_T32UPA,0.6313268139534886,0.04768216279069768,0.27751160465116276,0.19962469767441868,0.5935168139534885,0.5173578604651163,0.5607735813953493,0.5703204186046512,0.5846057906976746,0.6018270930232561,0.5634009069767442,0.6084022093023258,0.25991446511627914,0.0,0.0,1024.0,2018-01-22,451,74526670,0.06027397260273973
9,9,9,20180124T101309_20180124T101352_T32UPA,0.8795286511627909,0.045571418604651165,0.6140554883720932,0.38680930232558147,0.8930315813953492,0.8293349767441862,0.9351154651162792,0.9350973255813957,0.9592577209302329,1.0186947906976744,0.9564372093023256,1.0480498139534886,0.2671201627906978,0.0,0.0,1024.0,2018-01-24,451,74526670,0.06575342465753424
10,10,10,20180127T102259_20180127T102314_T32UPA,0.49476276744186043,0.004659883720930233,0.43590623255813965,0.3721903488372094,0.46195879069767465,0.4102274418604651,0.44842444186046526,0.46385772093023264,0.4888078372093023,0.510251674418605,0.47904567441860463,0.5268223255813954,0.22349709302325593,0.0,0.0,1024.0,2018-01-27,451,74526670,0.07397260273972603
11,11,11,20180129T101251_20180129T101247_T32UPA,0.5920139534883723,0.008034441860465119,0.3028692558139535,0.20489723255813952,0.535971069767442,0.473128581395349,0.5018897906976745,0.5099161162790699,0.5189526279069769,0.5338424418604651,0.490430534883721,0.5421996046511628,0.22536390697674422,0.0,0.0,1024.0,2018-01-29,451,74526670,0.07945205479452055
12,12,12,20180201T102241_20180201T102237_T32UPA,0.7212075581395352,0.2535249302325581,0.25942465116279084,0.28768900000000014,0.694457069767442,0.6141435348837211,0.6745290232558141,0.7064499534883724,0.7167795116279072,0.7294759767441862,0.7217928837209304,0.7321882558139536,0.5962502325581397,0.0,0.0,1024.0,2018-02-01,451,74526670,0.08767123287671233
13,13,13,20180203T101219_20180203T101237_T32UPA,0.47224869767441874,0.013190860465116283,0.21455451162790698,0.15825695348837218,0.41223490697674425,0.3428022325581396,0.3527972093023257,0.3622774883720932,0.3692237906976744,0.3775717441860466,0.3540508837209303,0.38018653488372106,0.19415609302325587,0.0,0.0,1024.0,2018-02-03,451,74526670,0.09315068493150686
14,14,14,20180206T102209_20180206T102206_T32UPA,0.3399558139534884,0.03664044186046512,0.15178044186046516,0.1417798139534884,0.31570423255813973,0.27474174418604663,0.2876684883720931,0.30909120930232564,0.3461987441860465,0.36331853488372096,0.35247039534883723,0.3759764883720931,0.18384344186046514,0.0,0.0,1024.0,2018-02-06,451,74526670,0.10136986301369863
15,15,15,20180208T101151_20180208T101153_T32UPA,0.41214325581395356,0.0030100000000000005,0.3447155116279071,0.3216938604651163,0.3886928139534884,0.3395452790697676,0.3621404883720932,0.38237479069767455,0.4101562790697674,0.4277093255813954,0.4194448372093024,0.440176069767442,0.18991723255813958,0.0,0.0,1024.0,2018-02-08,451,74526670,0.10684931506849316
16,16,16,20180211T102141_20180211T102559_T32UPA,0.31971686046511627,0.02546244186046512,0.18516337209302328,0.12895367441860472,0.2859512790697674,0.24115404651162795,0.24818639534883724,0.26730281395348837,0.2967723255813953,0.31219476744186053,0.3007740697674419,0.3253338604651164,0.1419160930232559,0.0,0.0,1024.0,2018-02-11,451,74526670,0.11506849315068493
17,17,17,20180213T101119_20180213T101559_T32UPA,0.2146343488372093,0.00198093023255814,0.19838386046511633,0.12395820930232558,0.17774911627906978,0.1519786744186047,0.15418195348837216,0.19401009302325586,0.24848220930232565,0.27635937209302336,0.2837398139534884,0.3165407906976745,0.1456939767441861,0.0,0.0,0.0,2018-02-13,451,74526670,0.12054794520547946
18,18,18,20180216T102059_20180216T102601_T32UPA,0.6506501627906978,0.005961511627906977,0.46483772093023273,0.3442843255813954,0.6247101162790699,0.5602926511627907,0.6132593720930236,0.629413,0.644647162790698,0.6605627441860467,0.6391626976744188,0.6709750000000003,0.3218918372093023,0.0,0.0,1024.0,2018-02-16,451,74526670,0.12876712328767123
19,19,19,20180218T101051_20180218T101313_T32UPA,0.18049534883720933,0.0018425813953488366,0.21681020930232558,0.1272119534883721,0.14143904651162795,0.11889744186046511,0.12082604651162794,0.15955274418604654,0.20694062790697682,0.23547134883720938,0.2428159534883721,0.272087511627907,0.13253051162790697,0.0,0.0,0.0,2018-02-18,451,74526670,0.13424657534246576
20,20,20,20180221T102031_20180221T102033_T32UPA,0.16199879069767445,0.002347,0.24061313953488372,0.1562532325581396,0.13375000000000006,0.11741895348837207,0.12302700000000003,0.16000697674418618,0.20395518604651172,0.2286743255813953,0.23810558139534893,0.2634887674418605,0.15040295348837213,0.0,0.0,0.0,2018-02-21,451,74526670,0.14246575342465753
21,21,21,20180223T101019_20180223T101508_T32UPA,0.1686221162790698,0.0036849534883720936,0.305503558139535,0.21099104651162798,0.1377754651162791,0.11935334883720933,0.12757627906976746,0.16326004651162795,0.20753390697674431,0.23051046511627912,0.24317830232558155,0.26842941860465125,0.15255679069767444,0.0,0.0,0.0,2018-02-23,451,74526670,0.14794520547945206
22,22,22,20180226T102019_20180226T102050_T32UPA,0.1954958604651164,0.015096813953488374,0.17294081395348848,0.11674134883720934,0.16906948837209304,0.1362400465116279,0.14041760465116282,0.15598751162790697,0.1769553023255814,0.18560200000000002,0.19343367441860465,0.1991411627906977,0.13523818604651167,0.0,0.0,0.0,2018-02-26,451,74526670,0.15616438356164383
23,23,23,20180228T101021_20180228T101021_T32UPA,0.1809143488372093,0.004354302325581397,0.33626958139534885,0.24232260465116284,0.14841851162790703,0.1241588372093023,0.13757334883720934,0.17074651162790705,0.20860216279069774,0.23344541860465115,0.2449279302325581,0.26974990697674434,0.1685362790697675,0.0,0.0,0.0,2018-02-28,451,74526670,0.16164383561643836
24,24,24,20180303T102021_20180303T102019_T32UPA,0.7073132790697676,0.019428511627906986,0.6119870465116279,0.49737688372093025,0.7064176976744188,0.6339275581395352,0.7014736279069769,0.7295441860465117,0.7476533488372094,0.7659118604651165,0.7579233720930234,0.7768323720930235,0.41932006976744207,0.0,0.0,1024.0,2018-03-03,451,74526670,0.16986301369863013
25,25,25,20180305T101019_20180305T101315_T32UPA,0.32004583720930235,0.09733958139534889,0.23365197674418606,0.18900709302325575,0.2934546976744187,0.2573837209302327,0.2679596744186047,0.29105555813953493,0.3190426511627908,0.3363785813953489,0.3407414651162791,0.3575169534883721,0.23335432558139538,0.0,0.0,1024.0,2018-03-05,451,74526670,0.17534246575342466
26,26,26,20180308T102019_20180308T102241_T32UPA,0.46027958139534886,0.03201600000000002,0.3253821162790698,0.2505679534883721,0.452984558139535,0.39256151162790703,0.40695593023255827,0.4121818604651164,0.41718325581395366,0.42100386046511634,0.43052979069767455,0.42276800000000003,0.2455773023255814,0.0,0.0,1024.0,2018-03-08,451,74526670,0.18356164383561643
27,27,27,20180310T101021_20180310T101020_T32UPA,0.2880957674418605,0.04245688372093024,0.25495160465116296,0.21132848837209303,0.25534802325581407,0.22579716279069778,0.23499020930232564,0.2525428604651163,0.27753441860465117,0.29414769767441856,0.2855804883720931,0.31227055813953514,0.1575265813953489,0.0,0.0,1024.0,2018-03-10,451,74526670,0.18904109589041096
28,28,28,20180313T102021_20180313T102540_T32UPA,0.8808644651162791,0.005098093023255814,0.47961158139534876,0.3177479767441861,0.916587488372093,0.8415946279069767,0.9129558139534888,0.9262613488372096,0.9350696744186049,0.9543929069767441,0.9601510930232561,0.9583462093023258,0.434714534883721,0.0,0.0,1024.0,2018-03-13,451,74526670,0.19726027397260273
29,29,29,20180315T101019_20180315T101038_T32UPA,0.14427967441860473,0.0020763953488372087,0.22460886046511633,0.13869339534883726,0.12067686046511629,0.1075448139534884,0.12482690697674421,0.1553380930232559,0.1865513488372093,0.21069774418604653,0.22451758139534886,0.2507297209302326,0.12902553488372098,0.0,0.0,0.0,2018-03-15,451,74526670,0.20273972602739726
30,30,30,20180318T102019_20180318T102016_T32UPA,0.7008536046511629,0.18764348837209305,0.3225423953488373,0.3188220000000001,0.6799116511627908,0.6216773488372093,0.6728534186046512,0.6932370465116281,0.7109449767441864,0.7253909534883722,0.7152460232558141,0.7350113255813956,0.5150153720930234,0.0,0.0,1024.0,2018-03-18,451,74526670,0.21095890410958903
31,31,31,20180320T101021_20180320T101021_T32UPA,0.46474658139534886,0.014432604651162792,0.36968627906976753,0.2871034651162792,0.44106437209302324,0.3960544651162792,0.43377218604651174,0.4561934651162793,0.475003046511628,0.49272706976744196,0.4845107906976745,0.505317534883721,0.2850246046511629,0.0,0.0,1024.0,2018-03-20,451,74526670,0.21643835616438356
32,32,32,20180323T102021_20180323T102021_T32UPA,0.7511334883720931,0.019252139534883722,0.5239244186046513,0.39266213953488377,0.7303546744186049,0.6701678837209305,0.7219502093023257,0.7374221395348839,0.748466046511628,0.7663186744186049,0.7428929069767441,0.7716749302325584,0.4289462093023255,0.0,0.0,1024.0,2018-03-23,451,74526670,0.22465753424657534
33,33,33,20180325T101019_20180325T101511_T32UPA,0.1532513023255815,0.0019973488372093022,0.2996466279069768,0.20641893023255822,0.13179541860465116,0.12000834883720932,0.13662781395348836,0.16639190697674416,0.19851741860465127,0.2214266511627907,0.23234132558139536,0.2585057906976745,0.12373809302325586,0.0,0.0,0.0,2018-03-25,451,74526670,0.23013698630136986
34,34,34,20180328T102019_20180328T102018_T32UPA,0.8533297674418607,0.039507651162790716,0.3549915348837209,0.25212776744186044,0.8273809534883722,0.7601537906976746,0.8191347209302327,0.8122187441860468,0.8259553720930235,0.8561607441860468,0.8088508837209305,0.8634401860465117,0.3532228372093025,0.0,0.0,1024.0,2018-03-28,451,74526670,0.23835616438356164
35,35,35,20180330T101021_20180330T101620_T32UPA,0.16994165116279072,0.013418023255813953,0.30748741860465123,0.20855988372093026,0.15136481395348836,0.14050883720930232,0.15730762790697675,0.18979848837209304,0.23107018604651172,0.2592864651162791,0.2643657906976745,0.29624990697674425,0.12525400000000006,0.0,0.0,2048.0,2018-03-30,451,74526670,0.24383561643835616
36,36,36,20180402T102021_20180402T102435_T32UPA,0.7441439069767443,0.0053740232558139546,0.6491806744186048,0.5187062325581395,0.7690450000000003,0.7285600465116279,0.7918609767441862,0.8062483255813956,0.8199350232558141,0.8348561162790696,0.8359415116279072,0.8404915348837213,0.4173462093023255,0.0,0.0,1024.0,2018-04-02,451,74526670,0.25205479452054796
37,37,37,20180404T101019_20180404T101021_T32UPA,0.34001013953488374,0.058219465116279075,0.2696812093023256,0.22923648837209304,0.2812760697674419,0.2619096046511629,0.2803163953488373,0.30392886046511625,0.3349289534883721,0.35693093023255823,0.32144730232558144,0.374555046511628,0.22501023255813957,0.0,0.0,1024.0,2018-04-04,451,74526670,0.25753424657534246
38,38,38,20180407T102019_20180407T102020_T32UPA,0.12562109302325583,0.006022302325581396,0.2990691860465117,0.20306109302325587,0.1125928372093024,0.10892658139534883,0.12116727906976747,0.1530368139534884,0.1991416046511629,0.22439786046511642,0.23815774418604657,0.26129225581395366,0.15294381395348836,0.0,0.0,0.0,2018-04-07,451,74526670,0.26575342465753427
39,39,39,20180409T101031_20180409T101343_T32UPA,0.4085766976744186,0.2312826976744186,0.23793541860465123,0.22499874418604646,0.37326376744186057,0.3478149534883722,0.36008418604651166,0.3853657209302328,0.42156662790697697,0.4400854651162791,0.4315342558139535,0.45107044186046524,0.3594879302325582,0.0,0.0,1024.0,2018-04-09,451,74526670,0.27123287671232876
40,40,40,20180412T102021_20180412T102024_T32UPA,0.1525629302325582,0.029168139534883723,0.23598627906976746,0.15466748837209304,0.13954762790697678,0.12693018604651166,0.12531083720930236,0.15258483720930233,0.21178230232558146,0.2391836511627908,0.2421888604651164,0.26675548837209306,0.10825172093023257,0.0,0.0,2048.0,2018-04-12,451,74526670,0.27945205479452057
41,41,41,20180414T101019_20180414T101536_T32UPA,0.15134904651162792,0.001997953488372093,0.32279974418604657,0.19463225581395346,0.1292303023255815,0.12379234883720928,0.12373260465116287,0.16556079069767443,0.2547407209302326,0.2987118139534884,0.3054239767441861,0.3463726744186047,0.12108216279069771,0.0,0.0,0.0,2018-04-14,451,74526670,0.28493150684931506
42,42,42,20180417T102019_20180417T102021_T32UPA,0.26494572093023255,0.02399544186046512,0.3162866744186047,0.23298586046511632,0.27855723255813963,0.2599386976744187,0.25942532558139536,0.27296902325581407,0.31999972093023266,0.3391671627906977,0.36099751162790694,0.3463036976744186,0.17223581395348847,0.0,0.0,586.0613953488373,2018-04-17,451,74526670,0.29315068493150687
43,43,43,20180419T101031_20180419T101457_T32UPA,0.13281427906976748,0.0014297674418604657,0.2701761395348838,0.15623513953488377,0.10947523255813958,0.10496611627906981,0.091810511627907,0.1345462790697675,0.23812565116279072,0.27814241860465116,0.27926223255813953,0.31218779069767455,0.13441779069767443,0.0,0.0,0.0,2018-04-19,451,74526670,0.29863013698630136
44,44,44,20180422T102031_20180422T102115_T32UPA,0.14699851162790703,0.0029298837209302325,0.2652398837209302,0.14602190697674422,0.12235018604651164,0.11320255813953489,0.09588897674418609,0.13391704651162795,0.2592040697674418,0.31063551162790703,0.3059536046511628,0.3491869534883721,0.0940529534883721,0.0,0.0,0.0,2018-04-22,451,74526670,0.30684931506849317
45,45,45,20180424T101029_20180424T101526_T32UPA,0.2319771627906977,0.03894074418604652,0.16043553488372095,0.10936032558139537,0.20242446511627915,0.17938944186046515,0.16227044186046516,0.18413453488372095,0.26098932558139537,0.2926291860465117,0.2887319069767442,0.3062592093023256,0.13413272093023254,0.0,0.0,2048.0,2018-04-24,451,74526670,0.31232876712328766
46,46,46,20180427T102019_20180427T102022_T32UPA,0.1086550697674419,0.0020006511627906976,0.166333023255814,0.08372348837209304,0.08517688372093028,0.07930055813953489,0.05643339534883723,0.09189513953488376,0.21585716279069772,0.26126353488372106,0.25337020930232573,0.28972513953488366,0.10765760465116281,0.0,0.0,2048.0,2018-04-27,451,74526670,0.32054794520547947
47,47,47,20180429T101031_20180429T101258_T32UPA,0.13408762790697676,0.001032581395348838,0.22677274418604654,0.11135976744186049,0.11124039534883723,0.10817441860465117,0.08046344186046513,0.12736553488372096,0.2882579069767442,0.34709341860465115,0.3357237209302327,0.38288432558139535,0.0921684186046512,0.0,0.0,0.0,2018-04-29,451,74526670,0.32602739726027397
48,48,48,20180502T102031_20180502T102434_T32UPA,0.15231879069767446,0.015043441860465117,0.2061081162790699,0.10854804651162794,0.12883020930232564,0.12280300000000002,0.09583772093023256,0.14198483720930233,0.31729332558139534,0.385346534883721,0.37384193023255824,0.42066406976744203,0.12398683720930236,0.0,0.0,2048.0,2018-05-02,451,74526670,0.33424657534246577
49,49,49,20180504T101029_20180504T101023_T32UPA,0.13008083720930233,0.0012517674418604655,0.20456555813953492,0.09547518604651165,0.10112127906976745,0.09727123255813956,0.06515879069767444,0.11323441860465117,0.28717758139534894,0.3606644883720931,0.3506908604651164,0.3981590465116281,0.09913662790697676,0.0,0.0,0.0,2018-05-04,451,74526670,0.33972602739726027
50,50,50,20180507T102019_20180507T102022_T32UPA,0.10708109302325584,0.0013007209302325585,0.1921045813953489,0.08752997674418608,0.08424441860465118,0.08238979069767442,0.05256632558139534,0.09938965116279072,0.2815449069767442,0.3521733720930234,0.3533976744186047,0.38818867441860466,0.15345413953488374,0.0,0.0,0.0,2018-05-07,451,74526670,0.34794520547945207
51,51,51,20180507T102019_20180507T102648_T32UPA,0.10708109302325584,0.0013007209302325585,0.19207488372093023,0.08750344186046514,0.08423239534883724,0.08236020930232558,0.052558023255813956,0.09935737209302328,0.2815355813953489,0.3522310697674419,0.3534708604651163,0.38823123255813974,0.15345760465116282,0.0,0.0,0.0,2018-05-07,451,74526670,0.34794520547945207
52,52,52,20180509T101031_20180509T101621_T32UPA,0.13197269767441855,0.0009636976744186047,0.06805004651162792,0.028698906976744185,0.09640009302325585,0.07504234883720932,0.04622372093023257,0.06438948837209305,0.15120225581395352,0.1853812790697675,0.17574716279069774,0.1941082558139535,0.047465604651162806,0.0,0.0,0.0,2018-05-09,451,74526670,0.35342465753424657
53,53,53,20180512T102031_20180512T102148_T32UPA,0.2101941395348838,0.0014847209302325584,0.2827349069767442,0.16509065116279073,0.21695304651162792,0.19937830232558146,0.17950979069767445,0.21080448837209306,0.3571532558139535,0.42272816279069775,0.4187350000000001,0.45268720930232587,0.12131276744186048,0.0,0.0,0.0,2018-05-12,451,74526670,0.36164383561643837
54,54,54,20180514T101029_20180514T101052_T32UPA,0.12757720930232566,0.00102446511627907,0.20893176744186048,0.09229383720930234,0.09857183720930238,0.09476334883720933,0.05990779069767442,0.11034206976744187,0.3100759069767443,0.39870874418604657,0.3925975813953489,0.44275674418604644,0.1171375581395349,0.0,0.0,0.0,2018-05-14,451,74526670,0.36712328767123287
55,55,55,20180517T102019_20180517T102209_T32UPA,0.6359374651162791,0.23069272093023252,0.2735413488372093,0.265444534883721,0.6122966279069769,0.5675045813953489,0.5930662093023259,0.5989939767441862,0.6259973023255816,0.6508646976744187,0.6315159069767444,0.6596264651162793,0.4269488372093025,0.0,0.0,1024.0,2018-05-17,451,74526670,0.37534246575342467
56,56,56,20180519T101031_20180519T101207_T32UPA,0.23886593023255812,0.027968395348837216,0.23456023255813957,0.149541023255814,0.2018459302325582,0.1859537441860465,0.16634144186046523,0.20741025581395348,0.36657055813953504,0.4338766976744189,0.4236147906976745,0.4679093953488372,0.17288909302325586,0.0,0.0,2048.0,2018-05-19,451,74526670,0.38082191780821917
57,57,57,20180522T102031_20180522T102025_T32UPA,0.12100323255813954,0.0071627674418604645,0.19419055813953492,0.08882686046511627,0.09979130232558144,0.09346627906976747,0.06177660465116282,0.10950313953488373,0.3013184418604652,0.37965423255813957,0.3737809767441861,0.4184141395348838,0.12759958139534885,0.0,0.0,0.0,2018-05-22,451,74526670,0.38904109589041097
58,58,58,20180524T101019_20180524T101022_T32UPA,1.031237604651163,0.03139039534883722,0.4526343720930233,0.3133616976744187,1.0144381860465115,0.9642006279069769,1.0211753488372093,1.0193736744186046,1.0296658372093028,1.0656222325581397,1.0207613488372096,1.0791255116279073,0.46937030232558147,0.0,0.0,1024.0,2018-05-24,451,74526670,0.39452054794520547
59,59,59,20180529T101031_20180529T101225_T32UPA,0.13242674418604652,0.0011115348837209306,0.21108974418604654,0.0898692558139535,0.10169600000000004,0.09665058139534884,0.061554232558139535,0.11147193023255816,0.3068687209302325,0.3889997209302325,0.37177113953488383,0.43391995348837237,0.07327202325581397,0.0,0.0,0.0,2018-05-29,451,74526670,0.40821917808219177
60,60,60,20180601T102021_20180601T102024_T32UPA,0.2207688604651163,0.0015180930232558147,0.18635560465116288,0.1372217674418605,0.17006348837209304,0.15342604651162797,0.13873955813953492,0.16056995348837214,0.2605477906976744,0.31091609302325596,0.2697199302325581,0.33480511627906984,0.06522172093023258,0.0,0.0,0.0,2018-06-01,451,74526670,0.41643835616438357
61,61,61,20180603T101019_20180603T101329_T32UPA,0.5882143255813952,0.012718511627906985,0.5772233720930233,0.4774734186046513,0.5598217441860467,0.5458307906976747,0.5815960232558142,0.6120818837209305,0.6851770697674421,0.7441897209302328,0.6805476511627908,0.7860590000000002,0.3180860697674419,0.0,0.0,1024.0,2018-06-03,451,74526670,0.42191780821917807
62,62,62,20180606T102019_20180606T102512_T32UPA,0.25524746511627916,0.0018615348837209308,0.30760560465116293,0.19055681395348847,0.17428546511627913,0.17269902325581402,0.16118953488372095,0.2038398372093024,0.37018793023255825,0.4546080232558141,0.42038783720930234,0.5061807674418606,0.14559248837209304,0.0,0.0,820.8669767441862,2018-06-06,451,74526670,0.4301369863013699
63,63,63,20180608T101021_20180608T101024_T32UPA,0.35778960465116283,0.016474860465116283,0.3506886046511628,0.27791490697674426,0.3187822325581396,0.30072725581395365,0.3107977674418605,0.3327914186046512,0.4173701162790699,0.465913558139535,0.4287933488372095,0.4901917674418607,0.1515120930232559,0.0,0.0,2048.0,2018-06-08,451,74526670,0.43561643835616437
64,64,64,20180611T102021_20180611T102634_T32UPA,0.977111255813954,0.589913069767442,0.25788200000000006,0.3124179534883721,0.9592263023255816,0.9107586511627908,0.9529642325581398,0.9789456511627909,0.9812126279069772,0.989893046511628,0.9840796744186053,0.9822246279069771,0.9455454651162789,0.0,0.0,1024.0,2018-06-11,451,74526670,0.4438356164383562
65,65,65,20180613T101019_20180613T101424_T32UPA,0.6486568604651165,0.01355918604651163,0.5782577906976746,0.46186409302325593,0.6205132790697677,0.5896433023255815,0.6248308837209303,0.6353324418604652,0.6736131395348839,0.7159092790697678,0.6832253953488372,0.7377465813953492,0.2767762790697676,0.0,0.0,1024.0,2018-06-13,451,74526670,0.44931506849315067
66,66,66,20180616T102019_20180616T102021_T32UPA,0.7007883023255816,0.02874637209302326,0.5436008139534885,0.4437236279069769,0.6770991395348838,0.6457867441860466,0.6886454418604655,0.7057346976744189,0.7437463953488374,0.7775008372093025,0.7319933255813954,0.8029052093023258,0.4534675348837208,0.0,0.0,1024.0,2018-06-16,451,74526670,0.4575342465753425
67,67,67,20180618T101021_20180618T101024_T32UPA,0.12878679069767449,0.0009017209302325585,0.14113725581395356,0.06389420930232562,0.09269167441860468,0.0802104651162791,0.050089209302325584,0.08590041860465117,0.21488858139534897,0.2651047209302326,0.2456368139534884,0.29680400000000007,0.07037467441860466,0.0,0.0,0.0,2018-06-18,451,74526670,0.46301369863013697
68,68,68,20180621T102021_20180621T102316_T32UPA,0.3521137906976745,0.137195,0.20849739534883727,0.1819981860465117,0.31833783720930237,0.2958643023255814,0.2955226046511629,0.3166950000000001,0.37878225581395353,0.41284304651162806,0.3946689302325582,0.4280250232558141,0.2657618139534884,0.0,0.0,1024.0,2018-06-21,451,74526670,0.4712328767123288
69,69,69,20180623T101029_20180623T101139_T32UPA,0.9398552558139535,0.007612906976744189,0.5746334883720932,0.43193846511627926,0.924601558139535,0.8719424651162792,0.9260652093023257,0.9242597674418603,0.9333632325581397,0.9681107906976748,0.9271546511627908,0.9826143023255814,0.3845235116279071,0.0,0.0,1024.0,2018-06-23,451,74526670,0.4767123287671233
70,70,70,20180626T102019_20180626T102626_T32UPA,0.7727972790697677,0.0032378604651162805,0.520979093023256,0.337698,0.7613985348837211,0.7256889534883724,0.7693136976744186,0.7669923720930233,0.7897112558139538,0.82207111627907,0.7857089534883721,0.8363553488372094,0.3193447441860466,0.0,0.0,1024.0,2018-06-26,451,74526670,0.4849315068493151
71,71,71,20180628T101031_20180628T101358_T32UPA,0.3499596511627907,0.03017558139534885,0.22729274418604664,0.16815781395348847,0.3170498139534886,0.2852550465116279,0.27681116279069773,0.2900464186046513,0.35097993023255825,0.3851803953488373,0.3701118139534886,0.40482895348837217,0.14792595348837212,0.0,0.0,1024.0,2018-06-28,451,74526670,0.4904109589041096
72,72,72,20180701T102021_20180701T102404_T32UPA,0.11559665116279073,0.001230558139534884,0.2872475813953489,0.15362630232558144,0.0989643023255814,0.09825730232558141,0.08420583720930237,0.13659874418604656,0.2487987674418605,0.2984927674418605,0.3087703255813954,0.3495141627906977,0.1429133720930233,0.0,0.0,0.0,2018-07-01,451,74526670,0.4986301369863014
73,73,73,20180703T101029_20180703T101023_T32UPA,0.12246011627906986,0.0016686279069767446,0.30084872093023274,0.16667706976744195,0.10110288372093025,0.1011022558139535,0.09056018604651164,0.14382776744186046,0.25212669767441864,0.29967776744186075,0.3143867441860465,0.35362432558139545,0.16229055813953494,0.0,0.0,0.0,2018-07-03,451,74526670,0.5041095890410959
74,74,74,20180706T102019_20180706T102022_T32UPA,0.12805265116279071,0.0013173023255813956,0.23835251162790708,0.11883160465116276,0.1052134651162791,0.09643158139534887,0.09251565116279073,0.12264106976744188,0.1939151860465117,0.2356111860465117,0.2359431162790699,0.2804821395348837,0.06197565116279072,0.0,0.0,0.0,2018-07-06,451,74526670,0.5123287671232877
75,75,75,20180708T101031_20180708T101025_T32UPA,0.19661604651162792,0.0035035116279069772,0.36352469767441853,0.23098809302325582,0.18526946511627912,0.17968132558139535,0.185901,0.2226347674418605,0.3143204418604652,0.35984555813953495,0.36118932558139544,0.4039142790697676,0.12719379069767445,0.0,0.0,0.0,2018-07-08,451,74526670,0.5178082191780822
76,76,76,20180711T102021_20180711T102024_T32UPA,0.834398093023256,0.04311486046511629,0.39868339534883734,0.2958746976744187,0.8410390000000002,0.7833529534883722,0.8262128372093025,0.8378446744186051,0.8422442790697675,0.8564865116279072,0.8456433953488375,0.849063604651163,0.5124679302325582,0.0,0.0,1024.0,2018-07-11,451,74526670,0.5260273972602739
77,77,77,20180713T101029_20180713T101023_T32UPA,0.14352448837209308,0.0011923488372093025,0.33132932558139533,0.19137776744186047,0.1182648604651163,0.1123819069767442,0.11410004651162793,0.15001023255813953,0.22462116279069766,0.2696981395348838,0.27050167441860473,0.3192625116279069,0.07131306976744188,0.0,0.0,0.0,2018-07-13,451,74526670,0.5315068493150685
78,78,78,20180716T102019_20180716T102549_T32UPA,0.5457732790697676,0.03452169767441861,0.438269581395349,0.37049318604651166,0.5479592325581396,0.5154205116279069,0.5414119767441862,0.5486833720930234,0.5806342790697676,0.6083786279069767,0.6022403953488372,0.6242819302325584,0.3043932325581396,0.0,0.0,1024.0,2018-07-16,451,74526670,0.5397260273972603
79,79,79,20180718T101031_20180718T101539_T32UPA,0.14270472093023262,0.002807790697674419,0.08284490697674424,0.04735755813953489,0.10650134883720935,0.08151139534883722,0.06008167441860468,0.06820681395348838,0.10252267441860467,0.11593369767441859,0.11543823255813958,0.12397713953488375,0.03366713953488373,0.0,0.0,0.0,2018-07-18,451,74526670,0.5452054794520548
80,80,80,20180721T102021_20180721T102024_T32UPA,0.9005343255813956,0.14074213953488376,0.3503785581395348,0.31017293023255826,0.8692950930232559,0.8233342790697677,0.8738607906976744,0.8824341162790695,0.893317093023256,0.9176770930232563,0.8806200930232561,0.9201828604651167,0.5979635348837211,0.0,0.0,1024.0,2018-07-21,451,74526670,0.5534246575342465
81,81,81,20180723T101019_20180723T101036_T32UPA,0.7258595813953492,0.06995162790697676,0.525978441860465,0.39109223255813963,0.6922709302325583,0.6704106976744187,0.7167900930232559,0.7381210232558141,0.7547351395348836,0.7774908604651163,0.7404725581395352,0.7931400232558141,0.5190672325581397,0.0,0.0,1024.0,2018-07-23,451,74526670,0.5589041095890411
82,82,82,20180726T102019_20180726T102150_T32UPA,0.11810581395348842,0.0012153023255813957,0.27756772093023246,0.1504368837209303,0.09689369767441865,0.09185362790697676,0.08080553488372096,0.11377853488372093,0.21380300000000002,0.259899,0.25866751162790697,0.299525093023256,0.07317362790697673,0.0,0.0,0.0,2018-07-26,451,74526670,0.5671232876712329
83,83,83,20180728T101031_20180728T101340_T32UPA,0.15533997674418604,0.019281000000000003,0.17729432558139538,0.11178395348837217,0.11231411627906983,0.1001767674418605,0.08985725581395351,0.11064174418604651,0.17722325581395346,0.20979239534883729,0.19045086046511636,0.2344336279069768,0.06959993023255813,0.0,0.0,2048.0,2018-07-28,451,74526670,0.5726027397260274
84,84,84,20180731T102021_20180731T102024_T32UPA,0.1271753720930233,0.0013103953488372096,0.27809041860465117,0.1502808139534884,0.10371446511627908,0.09648934883720932,0.08633948837209304,0.1184614186046512,0.2137681860465117,0.2580999069767441,0.2514999767441861,0.295577581395349,0.06159872093023256,0.0,0.0,489.1386046511629,2018-07-31,451,74526670,0.5808219178082191
85,85,85,20180802T101019_20180802T101020_T32UPA,0.18011476744186047,0.010647,0.15490688372093023,0.08299816279069767,0.15210797674418608,0.12657872093023256,0.10609988372093028,0.11699541860465125,0.17279244186046516,0.2079899302325582,0.19961741860465124,0.2247378837209303,0.03998048837209303,0.0,0.0,1553.1460465116284,2018-08-02,451,74526670,0.5863013698630137
86,86,86,20180805T102019_20180805T102019_T32UPA,0.136359,0.0015465813953488379,0.2943991395348839,0.15406867441860467,0.11171179069767444,0.10275493023255818,0.09224883720930233,0.12336032558139541,0.2252314186046512,0.275278558139535,0.27237453488372104,0.32198674418604667,0.06480760465116278,0.0,0.0,0.0,2018-08-05,451,74526670,0.5945205479452055
87,87,87,20180807T101021_20180807T101024_T32UPA,0.13618320930232564,0.0013211627906976745,0.2999335116279071,0.1624950930232559,0.11046323255813957,0.10376972093023261,0.09455304651162794,0.1331203023255814,0.23517190697674428,0.28106941860465134,0.275840046511628,0.32232016279069775,0.0770131627906977,0.0,0.0,0.0,2018-08-07,451,74526670,0.6
88,88,88,20180810T102021_20180810T102023_T32UPA,0.5192055348837212,0.02842955813953489,0.4636710930232558,0.3345192325581396,0.49439383720930247,0.47331379069767454,0.5141628837209304,0.5331717674418605,0.567838604651163,0.591508534883721,0.5608723023255816,0.6026506511627908,0.3607422558139535,0.0,0.0,1024.0,2018-08-10,451,74526670,0.6082191780821918
89,89,89,20180812T101019_20180812T101124_T32UPA,0.15995402325581398,0.026578000000000004,0.23514158139534885,0.14048034883720933,0.13759199999999994,0.1260017674418605,0.11900765116279072,0.1485445813953488,0.2293483023255814,0.2688983023255814,0.2710812093023256,0.3035769302325581,0.11204488372093027,0.0,0.0,2048.0,2018-08-12,451,74526670,0.6136986301369863
90,90,90,20180815T102019_20180815T102017_T32UPA,0.7865039534883722,0.005542232558139536,0.5836314651162793,0.3766240000000001,0.8273334418604653,0.7959181395348839,0.8485785116279074,0.8434858139534883,0.859242627906977,0.883824534883721,0.8856919767441861,0.8945505581395353,0.3745973953488373,0.0,0.0,1024.0,2018-08-15,451,74526670,0.6219178082191781
91,91,91,20180817T101021_20180817T101024_T32UPA,0.1503945813953489,0.013285488372093025,0.25519213953488384,0.14548241860465125,0.12254876744186045,0.1105733720930233,0.09957088372093024,0.13095106976744186,0.21797018604651172,0.25675858139534885,0.2522245581395349,0.2921737441860465,0.08243779069767443,0.0,0.0,2048.0,2018-08-17,451,74526670,0.6273972602739726
92,92,92,20180820T102021_20180820T102358_T32UPA,0.12891116279069767,0.0012852093023255815,0.2581948139534885,0.13733793023255814,0.10495539534883724,0.09486727906976747,0.08507013953488378,0.11335658139534888,0.20239204651162795,0.24325465116279074,0.23780218604651168,0.2818323255813954,0.05483990697674419,0.0,0.0,0.0,2018-08-20,451,74526670,0.6356164383561644
93,93,93,20180822T101019_20180822T101321_T32UPA,0.13871693023255816,0.0012113023255813956,0.2781458372093024,0.1510733720930233,0.11110539534883725,0.10113074418604653,0.09134213953488377,0.12276500000000001,0.2105928139534885,0.2554903720930233,0.25304544186046507,0.29726341860465116,0.062216604651162806,0.0,0.0,0.0,2018-08-22,451,74526670,0.6410958904109589
94,94,94,20180825T102019_20180825T102015_T32UPA,0.601330069767442,0.09079376744186052,0.27516946511627915,0.25013541860465127,0.5866707441860466,0.5546805581395352,0.5817553488372094,0.5798591860465118,0.5885374418604653,0.6015163953488372,0.5956796279069768,0.6066559302325584,0.3430994418604653,0.0,0.0,1024.0,2018-08-25,451,74526670,0.6493150684931507
95,95,95,20180827T101021_20180827T101023_T32UPA,0.6743820930232559,0.01466962790697675,0.4792894418604653,0.30570306976744194,0.6704294883720932,0.6412627209302328,0.6833794186046513,0.6912140930232559,0.71061211627907,0.7334561860465119,0.7136602325581395,0.7465142790697674,0.3674272325581396,0.0,0.0,1024.0,2018-08-27,451,74526670,0.6547945205479452
96,96,96,20180830T102021_20180830T102524_T32UPA,0.8637750697674419,0.006958139534883722,0.5443748604651164,0.36859381395348845,0.8568534883720932,0.8125223720930234,0.8660579069767445,0.8620486976744187,0.8778076744186046,0.905978906976744,0.8586489069767445,0.9143591627906981,0.3631247209302328,0.0,0.0,1024.0,2018-08-30,451,74526670,0.663013698630137
97,97,97,20180901T101019_20180901T101015_T32UPA,0.6492978837209304,0.03783258139534884,0.5091366511627909,0.3810462558139535,0.6538312093023255,0.6059031627906978,0.632224023255814,0.6407629767441863,0.659071581395349,0.6865981395348837,0.6817559302325583,0.7031995348837211,0.34628825581395367,0.0,0.0,1024.0,2018-09-01,451,74526670,0.6684931506849315
98,98,98,20180904T102019_20180904T102014_T32UPA,0.1410291162790698,0.0010654883720930233,0.2274179767441861,0.11485658139534885,0.11376532558139536,0.09991823255813957,0.08093565116279068,0.10800023255813956,0.20495227906976748,0.24978293023255824,0.2422789767441861,0.2854334418604652,0.049933372093023266,0.0,0.0,0.0,2018-09-04,451,74526670,0.6767123287671233
99,99,99,20180906T101021_20180906T101022_T32UPA,0.14682700000000004,0.0012129069767441859,0.2579046976744187,0.13609055813953494,0.11543704651162787,0.10221130232558141,0.08293297674418608,0.11876934883720931,0.2268869302325582,0.27053204651162804,0.263193046511628,0.3083357674418605,0.06742486046511628,0.0,0.0,0.0,2018-09-06,451,74526670,0.6821917808219178
100,100,100,20180909T102021_20180909T102205_T32UPA,0.2516400232558141,0.027565302325581402,0.216587023255814,0.17432772093023252,0.22108048837209313,0.20411869767441868,0.19959337209302327,0.2242270000000001,0.2967012790697676,0.3287980000000001,0.31607260465116277,0.3500007906976745,0.1597179069767442,0.0,0.0,2048.0,2018-09-09,451,74526670,0.6904109589041096
101,101,101,20180911T101019_20180911T101438_T32UPA,0.145144534883721,0.01834409302325581,0.2212182325581396,0.12202374418604657,0.1162272093023256,0.10511076744186046,0.08585772093023258,0.11774267441860468,0.21949900000000008,0.26502537209302335,0.25951111627906975,0.29796781395348854,0.08059897674418609,0.0,0.0,2048.0,2018-09-11,451,74526670,0.6958904109589041
102,102,102,20180914T102019_20180914T102014_T32UPA,0.3698843488372095,0.002582069767441861,0.37570209302325597,0.3164522325581396,0.3542492325581395,0.3261121627906977,0.3358497441860465,0.33735351162790694,0.37230981395348856,0.4012619069767442,0.38090032558139536,0.41706374418604675,0.11681725581395351,0.0,0.0,1024.0,2018-09-14,451,74526670,0.7041095890410959
103,103,103,20180916T101021_20180916T101512_T32UPA,0.13010495348837214,0.0038999767441860477,0.24706011627906987,0.12716904651162794,0.1005841162790698,0.09099255813953493,0.06984362790697674,0.11020646511627911,0.235264046511628,0.28307139534883724,0.2791758139534884,0.3219373255813955,0.09131411627906981,0.0,0.0,0.0,2018-09-16,451,74526670,0.7095890410958904
104,104,104,20180919T102021_20180919T102018_T32UPA,0.1273161627906977,0.0008800000000000001,0.22669004651162797,0.10875151162790701,0.1000565581395349,0.08806481395348839,0.06829793023255813,0.09955434883720932,0.21304944186046523,0.2590691860465117,0.25097288372093024,0.3001210000000001,0.05069100000000001,0.0,0.0,0.0,2018-09-19,451,74526670,0.7178082191780822
105,105,105,20180921T101019_20180921T101017_T32UPA,0.3418670232558141,0.06729172093023256,0.22038897674418614,0.1752398604651163,0.31066469767441873,0.28387437209302324,0.2800504883720932,0.29406067441860473,0.3394392093023257,0.36769823255813955,0.3585554418604651,0.38653272093023283,0.20730886046511635,0.0,0.0,1024.0,2018-09-21,451,74526670,0.7232876712328767
106,106,106,20180921T101019_20180921T101647_T32UPA,0.34186804651162794,0.06731123255813952,0.22036267441860474,0.1752286046511628,0.310700534883721,0.2838587674418605,0.2800240232558141,0.2940503023255815,0.3394541162790699,0.3676982325581396,0.358543046511628,0.3865082790697676,0.20730886046511635,0.0,0.0,1024.0,2018-09-21,451,74526670,0.7232876712328767
107,107,107,20180924T102019_20180924T102602_T32UPA,0.1567034651162791,0.003430581395348837,0.12283488372093022,0.09325011627906979,0.11813106976744189,0.09328339534883723,0.07761030232558137,0.09216506976744188,0.14024986046511634,0.1590533720930233,0.14923093023255812,0.17375576744186044,0.07233637209302325,0.0,0.0,0.0,2018-09-24,451,74526670,0.7315068493150685
108,108,108,20180926T101021_20180926T101020_T32UPA,0.14470439534883728,0.01854588372093024,0.2230178139534885,0.12190504651162794,0.11507137209302326,0.1037111627906977,0.08163793023255812,0.122276511627907,0.23942013953488372,0.28111009302325596,0.2807866046511629,0.3143894186046512,0.13032267441860468,0.0,0.0,2048.0,2018-09-26,451,74526670,0.736986301369863
109,109,109,20180929T102021_20180929T102019_T32UPA,0.12301669767441865,0.005391116279069769,0.21962062790697684,0.11282641860465115,0.09675162790697676,0.08750397674418608,0.0664462558139535,0.10775781395348838,0.22794448837209313,0.2702184418604652,0.27494,0.3074127906976745,0.12573688372093025,0.0,0.0,0.0,2018-09-29,451,74526670,0.7452054794520548
110,110,110,20181001T101019_20181001T101558_T32UPA,0.4128241162790699,0.04151018604651164,0.14504141860465122,0.12952723255813955,0.39433644186046524,0.3587856046511628,0.3622489302325582,0.37896234883720936,0.4139162325581396,0.4318728139534886,0.43051486046511656,0.4446333953488374,0.2546239534883721,0.0,0.0,1024.0,2018-10-01,451,74526670,0.7506849315068493
111,111,111,20181004T102019_20181004T102018_T32UPA,0.1250749302325582,0.0011553720930232562,0.2194685116279069,0.10594902325581397,0.09787220930232561,0.08828606976744188,0.06642658139534885,0.10569876744186052,0.21898648837209309,0.2660680930232559,0.2661173953488373,0.3081827906976745,0.07606888372093025,0.0,0.0,0.0,2018-10-04,451,74526670,0.7589041095890411
112,112,112,20181006T101021_20181006T101510_T32UPA,0.146815534883721,0.008551395348837212,0.22556018604651168,0.11495690697674422,0.11472741860465119,0.10206441860465117,0.08046809302325578,0.12114723255813958,0.22938202325581403,0.2735706511627907,0.2659418604651163,0.31293339534883724,0.07478497674418602,0.0,0.0,2048.0,2018-10-06,451,74526670,0.7643835616438356
113,113,113,20181006T101021_20181006T101651_T32UPA,0.146815534883721,0.008551395348837212,0.22556018604651168,0.11495690697674422,0.11472741860465119,0.10206441860465117,0.08046809302325578,0.12114723255813958,0.22938202325581403,0.2735706511627907,0.2659418604651163,0.31293339534883724,0.07478497674418602,0.0,0.0,2048.0,2018-10-06,451,74526670,0.7643835616438356
114,114,114,20181009T102021_20181009T102559_T32UPA,0.32301120930232563,0.1337062325581396,0.2442717441860466,0.19809730232558137,0.2889295348837209,0.2660489767441861,0.2629472093023257,0.29228574418604675,0.36121479069767454,0.3934109534883721,0.38412230232558137,0.4182421627906978,0.25088004651162804,0.0,0.0,1024.0,2018-10-09,451,74526670,0.7726027397260274
115,115,115,20181011T101019_20181011T101020_T32UPA,0.13739911627906976,0.0011953720930232565,0.2639566976744186,0.13781188372093026,0.10689209302325585,0.0958570930232558,0.07859997674418609,0.12284944186046515,0.22868576744186053,0.2713166046511629,0.2802572093023256,0.3173046976744188,0.11345030232558143,0.0,0.0,0.0,2018-10-11,451,74526670,0.7780821917808219
116,116,116,20181014T102019_20181014T102627_T32UPA,0.13030758139534884,0.0014264883720930236,0.2559342558139536,0.13270520930232557,0.103981511627907,0.09203618604651165,0.07883853488372093,0.1134592558139535,0.2034445581395349,0.24415393023255821,0.24894906976744194,0.28940465116279074,0.07604425581395348,0.0,0.0,0.0,2018-10-14,451,74526670,0.7863013698630137
117,117,117,20181016T101021_20181016T101021_T32UPA,0.15799609302325582,0.0012928604651162793,0.2840662093023256,0.15235730232558142,0.1252050930232558,0.10861744186046518,0.09621658139534887,0.13328662790697673,0.22026723255813954,0.26107493023255823,0.2612603953488374,0.30919834883720937,0.0728448139534884,0.0,0.0,0.0,2018-10-16,451,74526670,0.7917808219178082
118,118,118,20181019T102031_20181019T102029_T32UPA,0.5672313255813952,0.0024915581395348846,0.5358798604651163,0.44567283720930245,0.5553702790697674,0.5202685581395351,0.5575910000000003,0.5663294883720932,0.5878529069767443,0.6101728139534887,0.5792832093023256,0.6252674186046513,0.24843446511627915,0.0,0.0,1024.0,2018-10-19,451,74526670,0.8
119,119,119,20181021T101039_20181021T101201_T32UPA,0.6878143023255815,0.02016413953488372,0.7088242558139537,0.5733694883720931,0.6983113720930234,0.6857530000000003,0.7553259069767442,0.7884488604651165,0.8207323488372092,0.8447166279069767,0.8322352325581398,0.8754817674418605,0.48979646511627917,0.0,0.0,1024.0,2018-10-21,451,74526670,0.8054794520547945
120,120,120,20181024T102059_20181024T102428_T32UPA,0.16676176744186053,0.001236279069767442,0.1361486279069767,0.06838616279069769,0.13967390697674426,0.10991169767441863,0.09382948837209304,0.11134688372093027,0.15916362790697675,0.18545551162790688,0.18609369767441866,0.2125853953488373,0.04878560465116281,0.0,0.0,0.0,2018-10-24,451,74526670,0.8136986301369863
121,121,121,20181026T101111_20181026T101108_T32UPA,0.5896298372093023,0.002704581395348837,0.5461206511627907,0.4689788837209304,0.5649300697674416,0.5169565348837211,0.5524301395348838,0.5647776744186049,0.5878466976744186,0.6110570232558142,0.5934232093023255,0.6319107209302325,0.2654952093023256,0.0,0.0,1024.0,2018-10-26,451,74526670,0.8191780821917808
122,122,122,20181029T102131_20181029T102131_T32UPA,0.4644016046511627,0.13337618604651164,0.2910273255813953,0.2727660697674418,0.4283633720930234,0.38742490697674437,0.4079662790697675,0.4172327674418606,0.441119697674419,0.4614181162790699,0.43353725581395347,0.47533439534883737,0.26367502325581393,0.0,0.0,1024.0,2018-10-29,451,74526670,0.8273972602739726
123,123,123,20181031T101139_20181031T101140_T32UPA,0.24428462790697683,0.09074658139534886,0.2243064651162791,0.15345465116279075,0.2145389069767443,0.1887701860465116,0.18262344186046522,0.2101786744186047,0.2644096046511629,0.2885189534883721,0.2918476976744187,0.31723876744186047,0.16365223255813946,0.0,0.0,2048.0,2018-10-31,451,74526670,0.8328767123287671
124,124,124,20181103T102159_20181103T102338_T32UPA,0.42628853488372115,0.0043076511627906985,0.2827571162790698,0.1687862790697675,0.41851758139534895,0.372162046511628,0.37923495348837216,0.3815867209302328,0.4002816976744187,0.4150291627906978,0.4113446744186047,0.42193127906976746,0.16853060465116282,0.0,0.0,1024.0,2018-11-03,451,74526670,0.8410958904109589
125,125,125,20181105T101211_20181105T101404_T32UPA,0.2557023023255814,0.11272132558139539,0.20254993023255813,0.15286200000000005,0.23187125581395354,0.20038411627906974,0.19620567441860468,0.216383511627907,0.25147858139534884,0.26866013953488377,0.2696072093023257,0.28527002325581396,0.17640595348837218,0.0,0.0,2048.0,2018-11-05,451,74526670,0.8465753424657534
126,126,126,20181108T102231_20181108T102225_T32UPA,0.4645553023255816,0.027325395348837208,0.41133730232558163,0.34286644186046505,0.4274657906976745,0.38807506976744205,0.4173674883720931,0.43621297674418613,0.4730524186046513,0.49970883720930237,0.46817200000000003,0.524933627906977,0.2666997906976744,0.0,0.0,1024.0,2018-11-08,451,74526670,0.8547945205479452
127,127,127,20181110T101239_20181110T101317_T32UPA,0.23717876744186053,0.01584660465116279,0.16507211627906979,0.11073646511627909,0.19031011627906982,0.1465348604651163,0.12965779069767447,0.13623527906976748,0.15799048837209306,0.17529681395348834,0.16528762790697674,0.1844618139534884,0.055318162790697685,0.0,0.0,2048.0,2018-11-10,451,74526670,0.8602739726027397
128,128,128,20181115T101251_20181115T101254_T32UPA,0.48295720930232566,0.0017230000000000006,0.431836023255814,0.3503783488372095,0.46324772093023275,0.423220581395349,0.45479167441860485,0.46097195348837233,0.48000767441860476,0.49837167441860486,0.4668422325581397,0.5139876046511628,0.15902246511627913,0.0,0.0,1024.0,2018-11-15,451,74526670,0.873972602739726
129,129,129,20181118T102311_20181118T102312_T32UPA,0.15274904651162796,0.0016398604651162792,0.2426163720930233,0.15039744186046514,0.11970020930232558,0.09540983720930238,0.08711495348837209,0.11518267441860468,0.17015044186046516,0.1935691627906977,0.1993362093023257,0.22616355813953498,0.09387995348837214,0.0,0.0,0.0,2018-11-18,451,74526670,0.8821917808219178
130,130,130,20181120T101319_20181120T101557_T32UPA,0.6643241860465119,0.12696441860465119,0.14657944186046512,0.14993825581395354,0.6248838837209301,0.5543127674418604,0.5893900465116279,0.6010856744186049,0.6061078139534886,0.6150875348837209,0.5933488139534884,0.6176192325581394,0.4000905581395349,0.0,0.0,1024.0,2018-11-20,451,74526670,0.8876712328767123
131,131,131,20181123T102339_20181123T102334_T32UPA,0.2317511627906977,0.0018855813953488367,0.2235488837209303,0.15191830232558146,0.1881407209302325,0.14799544186046515,0.1392709069767442,0.1553770697674419,0.19113904651162797,0.2099604418604652,0.2065585813953489,0.23171439534883723,0.07177639534883722,0.0,0.0,0.0,2018-11-23,451,74526670,0.8958904109589041
132,132,132,20181125T101331_20181125T101402_T32UPA,0.20582439534883726,0.0011678139534883726,0.06287625581395351,0.03640027906976745,0.15030011627906978,0.10172816279069767,0.07611016279069768,0.08144120930232558,0.09697839534883722,0.10265720930232561,0.09337479069767445,0.10444918604651167,0.03050876744186047,0.0,0.0,0.0,2018-11-25,451,74526670,0.9013698630136986
133,133,133,20181128T102351_20181128T102346_T32UPA,0.1755969069767442,0.002885581395348837,0.23978920930232572,0.14837062790697678,0.14069104651162792,0.10998241860465116,0.1009480930232558,0.13108293023255813,0.18347230232558145,0.20691374418604652,0.21341630232558145,0.2371506046511628,0.11020820930232562,0.0,0.0,0.0,2018-11-28,451,74526670,0.9095890410958904
134,134,134,20181130T101349_20181130T101352_T32UPA,0.5954526279069765,0.07337809302325583,0.18787281395348843,0.1796244883720931,0.5626077906976744,0.4974491627906979,0.5294163488372094,0.5386426279069769,0.5463460697674422,0.5618018604651165,0.5393899069767444,0.569713093023256,0.30324009302325594,0.0,0.0,1024.0,2018-11-30,451,74526670,0.915068493150685
135,135,135,20181203T102359_20181203T102604_T32UPA,0.9164962558139534,0.008290837209302331,0.6818531627906977,0.4339587674418606,0.8992037441860469,0.8904673488372095,1.044924534883721,1.071301488372093,1.1096365116279074,1.1600449302325582,1.0490924883720931,1.1979380930232564,0.4950964883720931,0.0,0.0,1024.0,2018-12-03,451,74526670,0.9232876712328767
136,136,136,20181205T101401_20181205T101359_T32UPA,0.18290730232558144,0.005653302325581396,0.14829579069767448,0.07697234883720934,0.1407714651162791,0.109762,0.09822648837209304,0.13224813953488374,0.18946106976744193,0.21458127906976748,0.21808074418604656,0.24659832558139538,0.09667211627906978,0.0,0.0,0.0,2018-12-05,451,74526670,0.9287671232876712
137,137,137,20181208T102401_20181208T102407_T32UPA,0.6167334651162791,0.077976488372093,0.31231332558139546,0.24539716279069773,0.5746840232558141,0.5134952325581396,0.566408069767442,0.5865914651162791,0.601057488372093,0.6177397441860468,0.5766717906976746,0.6224577441860465,0.3792778604651164,0.0,0.0,1024.0,2018-12-08,451,74526670,0.936986301369863
138,138,138,20181210T101409_20181210T101406_T32UPA,0.53221411627907,0.005164558139534887,0.22522274418604654,0.17403351162790703,0.5004351162790699,0.43546283720930246,0.473441139534884,0.48977204651162803,0.5059142558139537,0.5210519069767442,0.49947844186046525,0.5276079302325584,0.2181850000000001,0.0,0.0,1024.0,2018-12-10,451,74526670,0.9424657534246575
139,139,139,20181213T102419_20181213T102422_T32UPA,0.2127987209302326,0.003263418604651163,0.10356790697674421,0.07925897674418605,0.15984900000000002,0.11524413953488373,0.09773067441860465,0.10839118604651164,0.12945488372093028,0.14001276744186053,0.1293221162790698,0.14974839534883724,0.08028279069767442,0.0,0.0,0.0,2018-12-13,451,74526670,0.9506849315068493
140,140,140,20181215T101421_20181215T101420_T32UPA,0.6032960930232559,0.003274604651162791,0.4379899069767444,0.36966402325581393,0.5663776976744186,0.4812017906976745,0.5189364883720932,0.5340055348837212,0.5413202093023257,0.5523013255813954,0.5410057441860466,0.5557360000000002,0.25308239534883736,0.0,0.0,1024.0,2018-12-15,451,74526670,0.9561643835616438
141,141,141,20181218T102431_20181218T102426_T32UPA,0.5036479534883722,0.004062186046511629,0.3840006046511629,0.29892848837209307,0.4794514651162791,0.4179637674418606,0.44821672093023274,0.4638529534883721,0.479374,0.4935267441860466,0.47916567441860475,0.5037952558139537,0.24359248837209313,0.0,0.0,1024.0,2018-12-18,451,74526670,0.9643835616438357
142,142,142,20181220T101429_20181220T101427_T32UPA,0.4962567441860466,0.013767860465116286,0.15111134883720936,0.0920816976744186,0.42238641860465115,0.32645893023255823,0.32284411627906984,0.3213311395348838,0.320115046511628,0.3276339534883721,0.3010553488372093,0.3236291162790699,0.11118004651162794,0.0,0.0,1024.0,2018-12-20,451,74526670,0.9698630136986301
143,143,143,20181223T102429_20181223T102536_T32UPA,0.6362803255813955,0.1765400000000001,0.27586483720930244,0.2665233023255815,0.6096424186046514,0.5437446511627908,0.5946007906976745,0.6113462093023257,0.6279243023255816,0.6412861162790698,0.6202922093023258,0.6493001627906979,0.4199128604651162,0.0,0.0,1024.0,2018-12-23,451,74526670,0.9780821917808219
144,144,144,20181225T101421_20181225T101424_T32UPA,0.4738222093023257,0.034708209302325585,0.29020248837209306,0.20609318604651164,0.43188772093023264,0.3741246976744186,0.39081081395348855,0.40085867441860473,0.41253937209302344,0.4230397674418606,0.4020574186046512,0.4276001627906976,0.21335648837209312,0.0,0.0,1024.0,2018-12-25,451,74526670,0.9835616438356164
145,145,145,20181228T102431_20181228T102427_T32UPA,0.452810023255814,0.0021462558139534885,0.35578872093023267,0.28521981395348855,0.42201895348837215,0.3630062558139535,0.39078260465116277,0.39774158139534893,0.4123644186046515,0.42822548837209307,0.39741600000000016,0.43896197674418613,0.13554409302325585,0.0,0.0,1024.0,2018-12-28,451,74526670,0.9917808219178083
146,146,146,20181230T101429_20181230T101429_T32UPA,0.34507279069767455,0.019476023255813962,0.16484813953488378,0.1376138604651163,0.3013967674418607,0.24177253488372086,0.24317755813953493,0.2550454883720931,0.2747845813953488,0.2895205581395349,0.2777464418604651,0.29905944186046524,0.11412616279069769,0.0,0.0,1024.0,2018-12-30,451,74526670,0.9972602739726028
